{"commitInfo":{"timestamp":1738199073082,"operation":"WRITE","operationParameters":{"mode":"Append","partitionBy":"[]"},"isolationLevel":"Serializable","isBlindAppend":true,"operationMetrics":{"numFiles":"1","numOutputRows":"4","numOutputBytes":"696"},"engineInfo":"Apache-Spark/3.3.1 Delta-Lake/2.2.0","txnId":"a339776e-4794-4a39-a667-12af9bcb0ba5"}}
{"protocol":{"minReaderVersion":1,"minWriterVersion":2}}
{"metaData":{"id":"1e1a5c2d-f353-49a7-8b55-abee95e550f0","format":{"provider":"parquet","options":{}},"schemaString":"{\"type\":\"struct\",\"fields\":[{\"name\":\"cl\",\"type\":\"long\",\"nullable\":true,\"metadata\":{}},{\"name\":\"lc\",\"type\":\"boolean\",\"nullable\":true,\"metadata\":{}}]}","partitionColumns":[],"configuration":{},"createdTime":1738199070646}}
{"add":{"path":"part-00000-986d0e3a-6838-4828-a216-54f94bb17962-c000.snappy.parquet","partitionValues":{},"size":696,"modificationTime":1738199072000,"dataChange":true,"stats":"{\"numRecords\":4,\"minValues\":{\"cl\":1273},\"maxValues\":{\"cl\":35274},\"nullCount\":{\"cl\":0,\"lc\":0}}"}}
