{"commitInfo":{"timestamp":1738199088977,"operation":"MERGE","operationParameters":{"predicate":"(trusted.cl = raw.cl)","matchedPredicates":"[{\"actionType\":\"update\"}]","notMatchedPredicates":"[{\"actionType\":\"insert\"}]"},"readVersion":0,"isolationLevel":"Serializable","isBlindAppend":false,"operationMetrics":{"numTargetRowsCopied":"0","numTargetRowsDeleted":"0","numTargetFilesAdded":"1","executionTimeMs":"3877","numTargetRowsInserted":"0","scanTimeMs":"2586","numTargetRowsUpdated":"4","numOutputRows":"4","numTargetChangeFilesAdded":"0","numSourceRows":"4","numTargetFilesRemoved":"1","rewriteTimeMs":"978"},"engineInfo":"Apache-Spark/3.3.1 Delta-Lake/2.2.0","txnId":"dafcd71e-47be-4371-8450-dcd11e7f49d6"}}
{"remove":{"path":"part-00000-986d0e3a-6838-4828-a216-54f94bb17962-c000.snappy.parquet","deletionTimestamp":1738199088961,"dataChange":true,"extendedFileMetadata":true,"partitionValues":{},"size":696}}
{"add":{"path":"part-00000-e171d49c-609a-4a2c-997a-fbfc35d2e33f-c000.snappy.parquet","partitionValues":{},"size":696,"modificationTime":1738199088000,"dataChange":true,"stats":"{\"numRecords\":4,\"minValues\":{\"cl\":1273},\"maxValues\":{\"cl\":35274},\"nullCount\":{\"cl\":0,\"lc\":0}}"}}
