{"commitInfo":{"timestamp":1738199673190,"operation":"MERGE","operationParameters":{"predicate":"(trusted.cl = raw.cl)","matchedPredicates":"[{\"actionType\":\"update\"}]","notMatchedPredicates":"[{\"actionType\":\"insert\"}]"},"readVersion":1,"isolationLevel":"Serializable","isBlindAppend":false,"operationMetrics":{"numTargetRowsCopied":"0","numTargetRowsDeleted":"0","numTargetFilesAdded":"1","executionTimeMs":"2333","numTargetRowsInserted":"4","scanTimeMs":"1459","numTargetRowsUpdated":"4","numOutputRows":"8","numTargetChangeFilesAdded":"0","numSourceRows":"8","numTargetFilesRemoved":"1","rewriteTimeMs":"589"},"engineInfo":"Apache-Spark/3.3.1 Delta-Lake/2.2.0","txnId":"ea4377ac-cf04-4852-a467-7818730621cf"}}
{"remove":{"path":"part-00000-e171d49c-609a-4a2c-997a-fbfc35d2e33f-c000.snappy.parquet","deletionTimestamp":1738199673190,"dataChange":true,"extendedFileMetadata":true,"partitionValues":{},"size":696}}
{"add":{"path":"part-00000-6a4b6005-30d5-4b95-8ce2-ca4a83da9bf7-c000.snappy.parquet","partitionValues":{},"size":723,"modificationTime":1738199673000,"dataChange":true,"stats":"{\"numRecords\":8,\"minValues\":{\"cl\":798},\"maxValues\":{\"cl\":35274},\"nullCount\":{\"cl\":0,\"lc\":0}}"}}
