{"commitInfo":{"timestamp":1738200147890,"operation":"MERGE","operationParameters":{"predicate":"(trusted.cl = raw.cl)","matchedPredicates":"[{\"actionType\":\"update\"}]","notMatchedPredicates":"[{\"actionType\":\"insert\"}]"},"readVersion":2,"isolationLevel":"Serializable","isBlindAppend":false,"operationMetrics":{"numTargetRowsCopied":"0","numTargetRowsDeleted":"0","numTargetFilesAdded":"1","executionTimeMs":"1714","numTargetRowsInserted":"2","scanTimeMs":"1030","numTargetRowsUpdated":"8","numOutputRows":"10","numTargetChangeFilesAdded":"0","numSourceRows":"10","numTargetFilesRemoved":"1","rewriteTimeMs":"480"},"engineInfo":"Apache-Spark/3.3.1 Delta-Lake/2.2.0","txnId":"1448ae44-616b-41e4-bdec-832b2330d0e5"}}
{"remove":{"path":"part-00000-6a4b6005-30d5-4b95-8ce2-ca4a83da9bf7-c000.snappy.parquet","deletionTimestamp":1738200147888,"dataChange":true,"extendedFileMetadata":true,"partitionValues":{},"size":723}}
{"add":{"path":"part-00000-35ff9520-1b10-4a35-951c-bfddea08c6d9-c000.snappy.parquet","partitionValues":{},"size":734,"modificationTime":1738200147000,"dataChange":true,"stats":"{\"numRecords\":10,\"minValues\":{\"cl\":798},\"maxValues\":{\"cl\":35274},\"nullCount\":{\"cl\":0,\"lc\":0}}"}}
