{"commitInfo":{"timestamp":1738201174104,"operation":"MERGE","operationParameters":{"predicate":"(trusted.cl = raw.cl)","matchedPredicates":"[{\"actionType\":\"update\"}]","notMatchedPredicates":"[{\"actionType\":\"insert\"}]"},"readVersion":3,"isolationLevel":"Serializable","isBlindAppend":false,"operationMetrics":{"numTargetRowsCopied":"0","numTargetRowsDeleted":"0","numTargetFilesAdded":"1","executionTimeMs":"1771","numTargetRowsInserted":"4","scanTimeMs":"877","numTargetRowsUpdated":"10","numOutputRows":"14","numTargetChangeFilesAdded":"0","numSourceRows":"14","numTargetFilesRemoved":"1","rewriteTimeMs":"568"},"engineInfo":"Apache-Spark/3.3.1 Delta-Lake/2.2.0","txnId":"3674d939-2e65-48ca-9f78-ee5e63234299"}}
{"remove":{"path":"part-00000-35ff9520-1b10-4a35-951c-bfddea08c6d9-c000.snappy.parquet","deletionTimestamp":1738201174104,"dataChange":true,"extendedFileMetadata":true,"partitionValues":{},"size":734}}
{"add":{"path":"part-00000-7581490e-57b8-4a05-ab4e-aec8b9811658-c000.snappy.parquet","partitionValues":{},"size":753,"modificationTime":1738201174000,"dataChange":true,"stats":"{\"numRecords\":14,\"minValues\":{\"cl\":418},\"maxValues\":{\"cl\":35330},\"nullCount\":{\"cl\":0,\"lc\":0}}"}}
